{
  "test_loss": 0.1279700686559081,
  "accuracy": 0.9752441257247483,
  "macro_avg": {
    "precision": 0.9595178937306932,
    "recall": 0.9740322959268048,
    "f1-score": 0.966581460982748
  },
  "weighted_avg": {
    "precision": 0.9758072451463955,
    "recall": 0.9752441257247483,
    "f1-score": 0.975389534183594
  },
  "per_entity": {
    "O": {
      "precision": 0.999648629655657,
      "recall": 0.9770756417961707,
      "f1-score": 0.9882332508358299,
      "support": 11647
    },
    "B-DEP": {
      "precision": 0.9348710990502035,
      "recall": 0.9766123316796598,
      "f1-score": 0.9552859618717504,
      "support": 1411
    },
    "I-DEP": {
      "precision": 0.9481068614261003,
      "recall": 0.97760602457392,
      "f1-score": 0.9626305005366377,
      "support": 5046
    },
    "B-ARR": {
      "precision": 0.94225580140313,
      "recall": 0.9667774086378738,
      "f1-score": 0.9543591145121618,
      "support": 1806
    },
    "I-ARR": {
      "precision": 0.9727070771183751,
      "recall": 0.9720900729464003,
      "f1-score": 0.9723984771573604,
      "support": 6306
    }
  },
  "training_history": {
    "train_losses": [
      0.3197407165169716,
      0.06909069120883941,
      0.03573108752568563
    ],
    "val_losses": [
      0.07774023115634918,
      0.03430591149628162,
      0.016066120401024817
    ]
  }
}